排名	企业名称	Company Name	估值（亿人民币）	国家	城市	行业	掌门人/创始人	成立年份	部分投资机构
1	蚂蚁金服	Ant Financial	10000	中国	杭州	金融科技	井贤栋	2014	春华资本、中投海外、红杉资本
2	字节跳动	Bytedance	5000	中国	北京	媒体和娱乐	张一鸣	2012	红杉资本、海纳亚洲、纪源资本、启明创投
3	滴滴出行	Didi Chuxing	3600	中国	北京	共享经济	程维	2012	腾讯、阿里巴巴、红杉资本、经纬中国、纪源资本
4	Infor	Infor	3500	美国	纽约	云计算	Jim Schaper	2002	Golden Gate Capital, Koch Equity Development
5	JUUL Labs	JUUL Labs	3400	美国	旧金山	消费品	Adam Bowen, James Monsees, Kevin Burns, Tim Danaher	2015	M13, Timothy Davis, Evolution VC Partners, Tiger Global Management, Altria, Capital Re
6	爱彼迎	Airbnb	2700	美国	旧金山	共享经济	Brian Chesky, Joe Gebbia, Nathan Blecharczyk	2008	Tiger Global Management, Founders Fund, Y Combinator, Sequioa Capital, Andreessen Horowitz, Greylock Partners,
6	陆金所	Lufax	2700	中国	上海	金融科技	计葵生	2011	摩根士丹利、中银集团、国泰君安（香港）
8	SpaceX	SpaceX	2500	美国	洛杉矶	航天	Elon Musk	2002	DFJ, Founders Fund, Google, Bank of America, Baillie Gifford
9	WeWork	WeWork	2100	美国	纽约	共享经济	Adam Neumann, Miguel McKevley	2010	Softbank, Hony Capital, Glade Brook Capital, Wellington Management, Benchmark
10	Stripe	Stripe	1600	美国	旧金山	金融科技	John Collison, Patrick Collison	2010	CapitalG, Thrive Capital, Y Combinator, Sequoia Capital, General Catalyst, Founders Fund, Tiger Global Management
11	微众银行	WeBank	1500	中国	深圳	金融科技	顾敏	2014	腾讯、华平投资、淡马锡
12	菜鸟网络	Cainiao	1300	中国	杭州	物流	童文红	2013	GIC、淡马锡、春华资本
12	京东数科	JD Digits	1300	中国	北京	金融科技	陈生强	2013	红杉资本、嘉实投资、中国太平
14	快手	Kuaishou	1200	中国	北京	媒体和娱乐	宿华	2011	红杉资本、晨兴资本、百度、腾讯
15	大疆	DJI	1000	中国	深圳	机器人	汪滔	2006	Accel、红杉资本、麦星投资
15	Grab	Grab	1000	新加坡	新加坡	共享经济	Anthony Tan, Tan Hooi Ling	2012	Vertex Ventures, GGV Capital,Rheingau Founders, SoftBank, SoftBank Capital, Tiger Global Management, Didi Chuxing, HSBC, Emtek Group, Toyota Motor Corporation, Hyundai Motor Company, Yamaha Motor Co., Tokyo Century, Central Group of Company, SoftBank Investment Advisers, Invesco, Microsoft, Bookings Holdings,
15	Hulu	Hulu	1000	美国	洛杉矶	媒体和娱乐	Elizabeth Comstock, Jason Kilar	2007	Time Warner, Walt Disney, Providence Equity Partners
15	Palantir Technologies	Palantir Technologies	1000	美国	帕洛阿尔托	大数据	Alexander Karp, Garry Tan, Joe Lonsdale, Nathan Gettings, Peter Thiel, Stephen Cohen	2004	Founders Fund, Kortschak Investments
19	DoorDash	DoorDash	900	美国	旧金山	物流	Andy Fang, Evan Moore, Stanley Tang, Tony Xu	2013	Y Combinator, Sequoia Capital, Kleiner Perkins, Khosla Ventures, Tamasek Holdings, DST Global, Softbank Investment Advisors, Coatue Management, Dragoneer Investment Group
20	比特大陆	Bitmain	800	中国	北京	区块链	詹克团，吴忌寒	2013	红杉资本、IDG、Crimson Ventures, 创新工场
20	京东物流	JD Logistics	800	中国	北京	物流	王振辉	2007	高瓴资本、红杉资本、腾讯
20	Samumed	Samumed	800	美国	圣地亚哥	生命科学	Osman Kibar	2008	Starling Group, Vickers Venture Partners
23	GO-JEK	GO-JEK	700	印度尼西亚	雅加达	共享经济	Kevin Aluwi, Michaelangelo Moran, Nadiem Makarim	2010	Openspace Ventures, Kohlberg Kravis Roberts, Warburg Pincus, Tencent Holdings, Google, JD.com, PT. Astra International Tbk - TSO Salemba
23	Paytm	Paytm	700	印度	诺伊达	金融科技	Vijay Shekhar Sharma	2010	Alibaba Group, SoftBank, Berkshire Hathaway, Sapphire Ventures, Mountain Capital, Ant Financial
25	贝壳找房	Beike	600	中国	天津	房地产科技	左晖	2018	腾讯
25	车好多	CARS	600	中国	北京	电子商务	杨浩涌	2011	红杉资本、今日资本、IDG、经纬中国
25	Coupang	Coupang	600	韩国	首尔	电子商务	Bom Kim	2010	SoftBank Investment Advisers, Altos Ventures, Sequoia Capital, BlackRock Private Equity Partners, Softbank, Maverick Ventures
25	平安医保科技	Ping An Healthcare Technology	600	中国	上海	健康科技	高菁	2016	IDG、思佰益、软银海外
25	Wish	Wish	600	美国	旧金山	电子商务	Danny Zhang, Peter Szulczewski	2010	Formation 8, GGV Capital, Founders Fund, DST Global, Temasek Holdings
30	Coinbase	Coinbase	550	美国	旧金山	区块链	Brian Armstrong, Fred Ehrsam	2012	DFJ, Andreessen Horowitz, Tiger Global Management, IVP, Bank of Tokyo-Mitsubishi
30	GRAIL	GRAIL	550	美国	门洛帕克	生命科学	Jeffrey Huber	2016	Illumina, ARCH Venture Partners, 6 Dimensions Capital, Ally Bridge Group, Hillhouse Capital Group , HuangPu River Capital
30	Instacart	Instacart	550	美国	旧金山	物流	Apoorva Mehta, Brandon Leonardo, Max Mullen	2012	Y Combinator, Sequoia Capital, Kleiner Perkins, Andreessen Horowitz, Tiger Global Management, Coatue Management, D1 capital partners, Whole Foods Market
30	Robinhood	Robinhood	550	美国	门洛帕克	金融科技	Baiju Bhatt, Vlad Tenev	2013	Index Ventures, New Enterprise Associates, DST Global
34	Argo AI	Argo AI	500	美国	Harrisburg	人工智能	Bryan Salesky, Peter Rander	2016	Volkswagen, Ford
34	美菜网	Meicai	500	中国	北京	电子商务	刘传军	2014	顺为资本、纪源资本、真格基金
34	金融壹账通	OneConnect	500	中国	上海	金融科技	叶望春	2015	IDG、思佰益
34	Roivant Sciences	Roivant Sciences	500	瑞士	巴塞尔	生命科学	Vivek Ramaswamy	2014	Softbank Investment Advisors, QVT Financial, Viking Global Investors, Novaquest Capital Management, RTW Investments LLC
34	苏宁金服	Suning Finance	500	中国	南京	金融科技	张近东	2006	光大控股、深创投
34	Tanium	Tanium	500	美国	Emerville	网络安全	David Hindawi, Orion HindawiOperating Status	2007	Andreessen Horowitz, Franklin Templeton Investments, Geodesic Capital, IVP (Institutional Venture Partners), TPG, TPG Growth, Wellington Management
34	Tokopedia	Tokopedia	500	印度尼西亚	雅加达	电子商务	Leontinus Alpha Edison, William Tanuwijaya	2009	Indonusa Dwitama, East Ventures, CyberAgent Capital, Beenos Partners, Softbank Ventures Asia, SoftBank Telecom Corp, Softbank Investment Advsors
34	Uber ATG	Uber ATG	500	美国	匹兹堡	共享经济	-	2015	Denso, Softbank Investment Advisors, Toyota Motor Corporation
34	UiPath	UiPath	500	美国	纽约	人工智能	Daniel Dines, Marius Tirca	2005	Earlybird Venture Capital, Capital G, Sequoia Capital, Coatue Management, Accel
43	BYJU’s	BYJU’s	400	印度	班加罗尔	教育科技	Byju Raveendran, Divya Gokulnath	2008	Aarin Capital, Sequoia Capital India, Chan Zuckerberg Initiative, Sofina, Verlinvest, Tencent Holdings, Naspers, General Atlantic, Qatar Investment Authority, Sovereign Wealth Funds
43	满帮	Full Truck Alliance	400	中国	贵阳	物流	王刚	2014	腾讯、红杉资本、光速中国、高瓴资本、云峰基金、纪源资本
43	Magic Leap	Magic Leap	400	美国	Plantation	虚拟与增强现实	Brian Schowengerdt, Rony Abovitz	2011	Tamasek Holdings, Alibaba Group, Google, Saudi Arabia's Public Investment Fund, NTT Docomo
43	Ola Cabs	Ola Cabs	400	印度	班加罗尔	共享经济	Ankit Bhati, Bhavish Aggarwal	2010	Tiger Global Management, Hyundai Motor Company, Kia Motors, Sequoia Capital India, SoftBank Capital, DST Global, Baillie Gifford, Vanguard, Softbank, Falcon Edge Capital, Tekne Capital, Yes Bank, Sachin Bansal, Temasek Holdings, China Eurasian Economic Cooperation Fund, Eternal Yield International, Steadview Capital, Tencent Holdings, Sailing Capital
43	商汤科技	SenseTime	400	中国	北京	人工智能	徐立	2014	鼎晖投资、IDG、中金公司
43	神州优车	UCAR	400	中国	天津	共享经济	陆正耀	2015	云锋基金、云岭投资、中金公司
43	微医	WeDoctor	400	中国	杭州	健康科技	廖杰远	2010	红杉资本、高盛、腾讯、启明创投、高瓴资本
50	Bluehole	Bluehole	350	韩国	城南市	游戏	Chang Byung-gyu	2007	Tencent Holdings
50	Lazada	Lazada	350	新加坡	新加坡	电子商务	Aimone Ripa di Meana, Alexander Samwer, Arthur Brejon de Lavergnee, Bede Moore, Elizabeth Craft, Eugene Chistyakov, Fung Lestario, Inanc Balci, James Chang, Maximilian Bittner, Oliver Samwer, Stefan Bruun, Stein Jakob Oeie, Sundeep Sahni	2012	Alibaba Group, Temasek Holding, Tesco, Rocket Internet
50	Machine Zone	Machine Zone	350	美国	帕洛阿尔托	游戏	Gabriel Leydon, Halbert Nakagawa, Michael Sherrill	2008	Y Combinator, Menlo Ventures, JP Morgan Partners
50	OYO Rooms	OYO Rooms	350	印度	古尔冈	共享经济	Ritesh Agarwal	2013	Greenoaks Capital, SoftBank, SoftBank Investment Advisers, Huazhu Hotels Group, Grab, Didi Chuxing, Airbnb
50	Ripple	Ripple	350	美国	旧金山	区块链	Arthur Britto, Chris Larsen, Ryan Fugger	2012	Core Innovation Capital, IDG Capital, Santander InnoVentures, SBI Investment
50	Rivian	Rivian	350	美国	普利茅斯	新能源汽车	Robert J. Scaringe	2009	Ford Motor Company, Amazon
50	The Hut Group	The Hut Group	350	英国	曼彻斯特	电子商务	John Gallemore, Matthew Moulding	2004	Artemis, Lewis Trust Group, Kohlberg Kravis Roberts, Balderton Capital, Merian Global Investors, William Currie Group
57	Auto1 Group	Auto1 Group	300	德国	柏林	电子商务	Christian Bertermann, Hakan Koc	2012	DN Capital, Piton Capital, DST Global, Princeville Global, SoftBank Investment Advisers
57	Compass	Compass	300	美国	纽约	电子商务	Ori Allon, Robert Reffkin, Ugo Di Girolamo	2012	IVP (Institutional Venture Partners), Wellington Management, Fidelity, SoftBank Investment Advisers, Qatar Investment Authority
57	Credit Karma	Credit Karma	300	美国	旧金山	金融科技	Kenneth Lin, Nichole Mustard, Ryan Graciano	2007	QED Investors, Susquehanna Growth Equity, CapitalG, SV Angel, Silver Lake Partners
57	Faraday Future	Faraday Future	300	美国	加迪纳	新能源汽车	Tony Nie	2014	Evergrande Health Industry Group, Birch Lake Partners
57	Houzz	Houzz	300	美国	帕洛阿尔托	电子商务	Adi Tatarko, Alon Cohen	2009	Zeev Ventures, Sequoia Capital, GGV Capital, New Enterprise Associates, ICONIQ Capital
57	Indigo Agriculture	Indigo Agriculture	300	美国	坎布里奇	生命科学	David Perry, Geoffrey von Maltzahn, Ignacio Martinez, Noubar Afeyan	2014	Flagship Pioneering, Alaska Permanent Fund, Activant Capital, Investment Corporation of Dubai (ICD), Baillie Gifford
57	Klarna	Klarna	300	瑞典	斯德哥尔摩	金融科技	Niklas Adalberth, Sebastian Siemiatkowski, Victor Jacobsson	2005	Investment AB Öresund, Sequoia Capital, General Atlantic, Creandum, Anders Holch Povlsen, Visa, Permira, H&M, Snoop Dogg
57	旷视科技	Megvii	300	中国	北京	人工智能	印奇	2011	创新工场、启明创投、联想之星、建银国际、蚂蚁金服 、纪源资本
57	达达-京东到家	New Dada	300	中国	上海	物流	蒯佳祺	2014	红杉资本、DST、京东
57	Niantic	Niantic	300	美国	旧金山	虚拟与增强现实	John Hanke, Phil Keslin	2010	Alsop Louie Partners, Spark Capital, IVP (Institutional Venture Partners)
57	Nubank	Nubank	300	巴西	圣保罗	金融科技	Adam Edward Wible, Cristina Junqueira, David Velez	2013	Sequoia Capital, Tiger Global Management, Founders Fund, Goldman Sachs, DST Global, Fortress Investment Group, Tencent Holdings
57	OpenDoor Labs	OpenDoor Labs	300	美国	旧金山	电子商务	Eric Wu, Ian Wong, Justin Ross, Keith Rabois	2014	Khosla Ventures, GGV Capital, Access Technology Ventures, Norwest Venture Partners, Lennar Corporation, SoftBank Investment Advisers, General Atlantic
57	Peloton	Peloton	300	美国	达拉斯	生命科学	Michael S. Brown, Steven McKnight	2010	Tiger Global Management, L Catterton, Fidelity, Kleiner Perkins, True Ventures, Wellington Management
57	柔宇科技	Royole	300	中国	深圳	消费品	刘自鸿	2012	中信产业基金、基石资本、IDG
57	Samsara Networks	Samsara Networks	300	美国	旧金山	云计算	John Bicket, Sanjit Biswas	2015	Andreessen Horowitz, General Catalyst
57	Snowflake Computing	Snowflake Computing	300	美国	圣马特奥	大数据	Thierry Cruanes, Marcin Zukowski, Benoit Dageville	2012	Sutter Hill Ventures, Redpoint, Altimeter Capital, ICONIQ Capital, Sequoia Capital
57	SoFi	SoFi	300	美国	旧金山	金融科技	Daniel Macklin, Ian Brady, James Finnigan, Michael Cagney	2011	Baseline Ventures, Morgan Stanley, The Bancorp, East West Bank, Discovery Capital, Third Point Ventures, Softbank, Silver Lake Partners, Qatar Investment Authority
57	TransferWise	TransferWise	300	英国	伦敦	金融科技	Kristo Kaarmann, Taavet Hinrikus	2011	Seedcamp, IA Ventures , Valar Ventures, Index Ventures, Andreessen Horowitz, Baillie Gifford, IVP (Institutional Venture Partners) , JP Morgan, Lead Edge Capital, Merian Global Investors, LHV Ventures, NatWest Bank, Lone Pine Capital, Vitruvian Partners
57	Traveloka	Traveloka	300	印度尼西亚	雅加达	电子商务	Albert Albert, Derianto Kusuma, Ferry Unardi	2012	East Ventures, Global Founders Capital, GIC, Expedia
57	TripActions	TripActions	300	美国	帕洛阿尔托	电子商务	Ariel Cohen, Ilan Twig	2015	Zeev Ventures, Lightspeed Venture Partners, Andreessen Horowitz, Gorup11
57	优必选	Ubtech	300	中国	深圳	机器人	周剑	2012	启明创投、科大讯飞、鼎晖投资、腾讯
57	联影医疗	United Imaging	300	中国	上海	健康科技	薛敏	2010	中国人寿、国投创新
57	威马汽车	WM Motor	300	中国	上海	新能源汽车	沈晖	2015	远景能源、红杉资本、海纳亚洲
57	小鹏汽车	Xpeng Motors	300	中国	广州	新能源汽车	何小鹏	2014	晨兴资本、IDG、经纬中国、顺为资本、阿里巴巴、纪源资本
57	自如	Ziroom	300	中国	北京	房地产科技	左晖	2011	华平投资、红杉资本、腾讯
57	Zomato	Zomato	300	印度	古尔冈	物流	Deepinder Goyal, Pankaj Chaddah	2008	Info Edge, Sequoia Capital, Vy Capital, Temasek Holdings, Sequoia Capital India, Ant Financial, Glade Brook Capital Partners, Delivery Hero
83	Greensill	Greensill	250	英国	伦敦	金融科技	Jason Austin, Lex Greensill	2011	General Atlantic, SoftBank Investment Advisers
84	Affirm	Affirm	200	美国	旧金山	金融科技	Jeffrey Kaditz, Max Levchin, Nathan Gettings	2012	Spark Capital, Founders Capital, Morgan Stanley, GIC, Thrive Capital, HVF Labs
84	Automation Anywhere	Automation Anywhere	200	美国	圣何塞	人工智能	Ankur Kothari, Mihir Shukla, Neeti Mehta	2003	Goldman Sachs, SoftBank Investment Advisers, Workday Ventures
84	博纳影业	Bona film	200	中国	北京	媒体和娱乐	于冬	2003	红杉资本、海纳亚洲、经纬中国、阿里巴巴、万达院线、腾讯
84	Brex	Brex	200	美国	旧金山	金融科技	Henrique Dubugras, Pedro Franceschi	2017	Y Combinator, Ribbit Capital, DST Global, Barclays Investment Bank, Kleiner Perkins , Greenoaks Capital
84	嘉楠耘智	Canaan	200	中国	杭州	区块链	张楠赓	2013	锦江集团、暾澜资本
84	Canva	Canva	200	澳大利亚	悉尼	云计算	Cameron Adams, Cliff Obrecht, Melanie Perkins	2012	Felicis Ventures, Blackbird Ventures (Australia), Sequoia Capital, Bond , General Catalyst
84	银联商务	China UMS	200	中国	上海	金融科技	田林	2002	光际资本、IDG
84	Circle Internet Financial	Circle Internet Financial	200	美国	波士顿	区块链	Jeremy Allaire, Sean Neville	2013	Breyer Capital, IDG Capital, Bitmain, Goldman Sachs Principal Strategic Investments
84	云从科技	Cloudwalk	200	中国	广州	人工智能	周曦	2015	顺为资本、元禾原点、前海兴旺
84	Confluent	Confluent	200	美国	帕洛阿尔托	云计算	Jay Kreps, Jun Rao, Neha Narkhede	2014	Benchmark, Index Ventures, Sequoia Capital
84	大地影院	Dadi Digital Cinema	200	中国	深圳	媒体和娱乐	刘荣	2006	阿里影业
84	Databricks	Databricks	200	美国	旧金山	大数据	Ali Ghodsi, Andy Konwinski, Ion Stoica, Matei Zaharia, Patrick Wendell, Reynold Xin, Scott Shenker	2013	Andreessen Horowitz, New Enterprise Associates
84	斗鱼	Douyu	200	中国	武汉	媒体和娱乐	陈少杰	2014	红杉资本、腾讯、南山资本
84	度小满金融	Du Xiaoman Financial	200	中国	北京	金融科技	朱光	2018	TPG、凯雷投资，泰康集团、农银国际
84	Flexport	Flexport	200	美国	旧金山	物流	Ryan Petersen	2013	Founders Fund, DST Global, SF Express, SoftBank Investment Advisers
84	GoodRx	GoodRx	200	美国	圣塔莫尼卡	健康科技	Doug Hirsch, Scott Marlette, Trevor Bezdek	2011	Silver Lake Partners
84	哈啰出行	Hellobike	200	中国	上海	共享经济	杨磊	2016	纪源资本、磐谷创投、愉悦资本、蚂蚁金服
84	复宏汉霖	Henlius	200	中国	上海	生命科学	刘世高	2009	华盖资本
84	喜马拉雅	Himalaya	200	中国	上海	媒体和娱乐	余建军	2012	海纳亚洲、Sierra Ventures、前海兴旺
84	地平线机器人	Horizon Robotics	200	中国	北京	人工智能	余凯	2015	真格基金、红杉资本、高瓴资本、创新工场、晨兴资本
84	汇通达	Huitongda	200	中国	南京	电子商务	徐秀贤	2008	毅达资本、紫金资本、顺为资本
84	Katerra	Katerra	200	美国	门洛帕克	房地产科技	Fritz H. Wolff, Jim Davidson, Michael Marks	2015	SoftBank Investment Advisers, Greenoaks Capital
84	跨越速运	Kuayue Express	200	中国	深圳	物流	胡永	2007	红杉资本
84	每日优鲜	Missfresh	200	中国	北京	电子商务	徐正	2014	光信资本、腾讯、浙商创投、启明创投
84	Monzo	Monzo	200	英国	伦敦	金融科技	Gary Dolman, Jason Bates, Jonas Huckestein, Paul Rippon, Tom Blomfield	2015	Y Combinator, Passion Capital, Thrive Capital, Goodwater Capital, Accel, General Catalyst
84	N26	N26	200	德国	柏林	金融科技	Maximilian Tayenthal, Valentin Stalf	2013	Earlybird Venture Capital, Valar Ventures, Horizons Ventures, Allianz X, Insight Partners, Tencent Holdings
84	Nuro	Nuro	200	美国	旧金山	机器人	Dave Ferguson, Jiajun Zhu	2016	Softbank Investment Advisors, Gaorong Capital, Greylock Partners.
84	OakNorth	OakNorth	200	英国	伦敦	金融科技	Joel Perlman, Rishi Khosla	2013	EDBI, SoftBank Investment Advisers, NIBC Bank N.V., Indiabulls Housing Finance Limited
84	OneWeb	OneWeb	200	美国	阿林顿	航天	Greg Wyler	2012	SoftBank, Qualcomm Ventures, Virgin Group
84	Oscar Health	Oscar Health	200	美国	纽约	健康科技	Joshua Kushner, Mario Schlosser	2012	Thrive Capital, Founders Fund, Formation 8, CapitalG, Fidelity, Alphabet
84	Paytm Mall	Paytm Mall	200	印度	诺伊达	电子商务	Vijay Shekhar Sharma	2010	SoftBank, Alibaba Group
84	Plaid Technologies	Plaid Technologies	200	美国	旧金山	金融科技	William Hockey, Zachary Perret	2012	Spark Capital, New Enterprise Associates, Goldman Sachs Investment Partners, Index Ventures, Kleiner Perkins
84	Procore Technologies	Procore Technologies	200	美国	卡平特里亚	房地产科技	Craig Courtemanche	2002	Greater Pacific Capital, Bessemer Venture Partners, ICONIQ Capital, Dragoneer Investment Group, Tiger Global Management
84	奇安信	Qi An Xin	200	中国	北京	网络安全	齐向东	2015	IDG资本、中信建投资本、华兴创投
84	reddit	reddit	200	美国	旧金山	媒体和娱乐	Alexis Ohanian, Steve Huffman	2005	Y Combinator, Tencent Holdings
84	Roblox	Roblox	200	美国	圣马特奥	游戏	David Baszucki	2004	Index Ventures, Greylock Partners , Meritech Capital Partners, Tiger Global Management, Altos Ventures , First Round Capital
84	Rubrik	Rubrik	200	美国	旧金山	云计算	Arvind Jain, Arvind Nithrakashyap, Bipul Sinha, Soham Mazumdar	2014	Lightspeed Venture Partners, Greylock Partners, Khosla Ventures, IVP (Institutional Venture Partners), Bain Capital Ventures
84	奇点汽车	Singulato	200	中国	北京	新能源汽车	沈海寅	2014	光信资本、奇虎360
84	SmileDirectClub	SmileDirectClub	200	美国	纳什维尔	健康科技	Alex Fenkell, Jordan Katzman	2013	Clayton, Dubilier & Rice
84	大搜车	Souche	200	中国	北京	电子商务	姚军红	2012	晨兴资本、红杉资本、阿里巴巴、华平投资
84	Swiggy	Swiggy	200	印度	班加罗尔	物流	Nandan Reddy, Rahul Jaimini, Sriharsha Majety	2014	DST Global, Naspers, Bessemer Venture Partners, Accel, Norwest Venture Partners, SAIF Partners
84	Tempus	Tempus	200	美国	芝加哥	生命科学	Eric Lefkofsky	2015	New Enterprise Associates, T. Rowe Price, Baillie Gifford, Revolution
84	Toast	Toast	200	美国	波士顿	金融科技	Aman Narang, Jonathan Grimm, Steve Fredette	2011	Bessemer Venture Partners, Generation Investment Management, T. Rowe Price, TCV, Lead Edge Capital, Tiger Global Management
84	Unity Technologies	Unity Technologies	200	美国	旧金山	游戏	David Helgason, Joachim Ante, Nicholas Francis	2004	Sequoia Capital, WetSummit Capital, DFJ Growth, Silver Lake Partners, Altimeter Capital
84	优客工场	UrWork	200	中国	北京	共享经济	毛大庆	2015	真格基金、红杉资本、创新工场
84	VIPKID	VIPKID	200	中国	北京	教育科技	米雯娟	2013	创新工场、云锋基金、红杉资本、真格基金、腾讯、经纬中国
84	Woowa Brothers	Woowa Brothers	200	韩国	首尔	物流	Bong Jin Kim	2011	Bon Angels Venture Partners, Altos Ventures, Goldman Sachs, Hillhouse Capital Group
84	小红书	Xiaohongshu	200	中国	上海	软件与服务	毛文超	2013	红杉资本、腾讯、真格基金、纪源资本、阿里巴巴
84	易果生鲜	Yiguo	200	中国	上海	电子商务	金光磊	2005	阿里巴巴、高盛
84	一下科技	Yixia	200	中国	北京	媒体和娱乐	韩坤	2013	新浪、红点创投、红杉资本、晨兴资本
84	游侠汽车	Youxia	200	中国	上海	新能源汽车	卫俊	2014	前海梧桐、中创海洋
84	猿辅导	Yuanfudao	200	中国	北京	教育科技	李勇	2012	IDG、经纬中国、腾讯、华平投资
84	Zoox	Zoox	200	美国	Foster City	人工智能	Jesse Levinson, Tim Kentley-Klay	2014	DFJ, Lux Capital, Blackbird Ventures (Australia), Thomas Tull, Grok Ventures
84	作业帮	Zuoyebang	200	中国	北京	教育科技	侯建彬	2014	纪源资本、H Capital、红杉资本
138	23andMe	23andMe	150	美国	山景城	生命科学	Anne Wojcicki, Linda Avey, Paul Cusenza	2006	Google, Johnson & Johnson Development Corporation, National Institutes of Health, Sequoia Capital, GlaxoSmithKline
138	Afiniti	Afiniti	150	美国	华盛顿	人工智能	Zia Chishti	2006	Daniel Klueger, Global Asset Management
138	爱回收	Aihuishou	150	中国	上海	软件与服务	陈雪峰	2010	京东、凯辉基金、达晨创投、天图资本、晨兴资本
138	AppLovin	AppLovin	150	美国	帕洛阿尔托	游戏	Adam Foroughi, Andrew Karam, John Krystynak	2012	Orient Hontai Capital, Kohlberg Kravis Roberts
138	APUS	APUS	150	中国	北京	软件与服务	李涛	2014	海纳亚洲、启明创投
138	Asana	Asana	150	美国	旧金山	云计算	Dustin Moskovitz, Justin Rosenstein	2008	Founders Fund, Y Combinator, Generation Investment Management
138	Aurora	Aurora	150	美国	帕洛阿尔托	人工智能	Chris Urmson, J. Andrew Bagnell, Sterling Anderson	2016	Greylock Partners, Sequoia Capital, Hyundai Motor Company, Index Ventures
138	Avant	Avant	150	美国	芝加哥	金融科技	Al Goldstein, John Sun, Paul Zhang	2012	General Atlantic, Kohler Kravis Roberts, Tiger Global Management, Jefferies
138	BenevolentAI	BenevolentAI	150	英国	伦敦	人工智能	Brent Gutekunst, Ivan Griffin, Ken Mulvany, Michael Brennan	2013	Woodford Investment Management
138	BillDesk	BillDesk	150	印度	艾哈迈达巴德	金融科技	Karthik Ganapathy, Ajay Kaushal, MN Srinivasu	2000	Visa, General Atlantic, TA Associates, Clearstone Venture Partners , SBI
138	Binance	Binance	150	马耳他	-	区块链	赵长鹏、何一	2017	Vertex Ventures, Black Hole Capital, Funcity Capital
138	Bird Rides	Bird Rides	150	美国	圣塔莫尼卡	共享经济	Travis VanderZanden	2017	Goldcrest Capital, Craft Ventures, Index Ventures, Valor Equity Partners, Sequoia Capital
138	BlaBlaCar	BlaBlaCar	150	法国	巴黎	共享经济	Francis Nappez, Frédéric Mazzella, Nicolas Brusson	2006	Accel, Index Ventures, Insight Partners, Baring Vostok Capital Partners, SNCF
138	Block.One	Block.One	150	中国	香港	区块链	Brendan Blumer	2017	Peter Thiel
138	Buzzfeed	Buzzfeed	150	美国	纽约	媒体和娱乐	John Johnson, Jonah Peretti	2006	New Enterprise Associates, Andreessen Horowitz, NBCUniversal, Hearst Ventures, RRE Ventures
138	拜腾汽车	Byton	150	中国	南京	新能源汽车	毕福康	2017	一汽集团、启迪控股、宁德时代
138	寒武纪科技	Cambricon	150	中国	北京	人工智能	陈天石	2016	国投创业、阿里巴巴、联想创投
138	灿星	Canxing	150	中国	上海	媒体和娱乐	田明	2006	阿里巴巴、腾讯、华人文化
138	Carbon	Carbon	150	美国	雷德伍德城	3D印刷	Joseph M. DeSimone, Philip DeSimone	2013	Sequoia Capital, BMW i Ventures , GV, GE Ventures, Baillie Gifford, Madrone Capital Partners
138	Carta	Carta	150	美国	帕洛阿尔托	金融科技	Henry Ward, Manu Kumar	2012	Union Square Ventures, Spark Capital, Menlo Ventures, Social Capital, Meritech Capital Partners , Tribe Capital
138	Checkout.com	Checkout.com	150	英国	伦敦	金融科技	Guillaume Pousaz	2012	DST Global , Insight Partners
138	车和家	Chehejia	150	中国	北京	新能源汽车	李想	2015	利欧股份、源码资本、明势资本
138	Chime	Chime	150	美国	旧金山	金融科技	Chris Britt, Ryan King	2013	Crosslink Capital, Aspect Ventures, Cathay Innovation, Menlo Ventures, DST Global,
138	CureVac	CureVac	150	德国	巴登符腾堡州	生命科学	Ingmar Hoerr	2000	DH Capital, Dievini Hopp Biotech Holding, OH Beteiligungen, Bill & Melinda Gates Foundation, Baillie Gifford, Baden-Württembergische Versorgungsanstalt für Ärzte
138	Darktrace	Darktrace	150	美国	坎布里奇	人工智能	Dave Palmer, Emily Orton, Jack Stockdale, Nicole Eagan, Poppy Gustafsson	2013	Invoke Capital Partners, Summit Partners, Kohlberg Kravis Roberts, Talis Capital, Vitruvian Partners
138	Dataminr	Dataminr	150	美国	纽约	人工智能	Jeff Kinsey, Theodore Bailey	2009	IVP (Institutional Venture Partners), Venrock, Fidelity
138	Delhivery	Delhivery	150	印度	古尔冈	物流	Bhavesh Manglani, Kapil Bharati, Mohit Tandon, Sahil Barua, Suraj Saharan	2011	Nexus Venture Partners, Multiples Alternate Asset Management Private Limited,Tiger Global Management, The Carlyle Group, Fosun Group, Softbank, Canada Pension Plan Investment Board
138	Deliveroo	Deliveroo	150	英国	伦敦	物流	Greg Orlowski, William Shu	2012	Bridgepoint, Fidelity Management and Research Company , Amazon, DST Global, General Catalyst, T. Rowe Price, Greenoaks Capital
138	Desktop Metal	Desktop Metal	150	美国	Burlington Massachussets	3D印刷	Chris Schuh, Ely Sachs, Emanuel M. Sachs, John Hart, Jonah Myerberg, Ric Fulop, Rick Chin, Yet-Ming Chiang	2015	GE Ventures, GV, New Enterprise Associates, Ford Motor Company, Koch Industries, Saudi Aramco Energy Ventures
138	Devoted Health	Devoted Health	150	美国	沃尔瑟姆	健康科技	Ed Park, Jeremy Delinsky, Todd Park	2017	Andreessen Horowitz
138	Dfinity	Dfinity	150	瑞士	楚格	区块链	Dominic Williams	2015	Andreessen Horowitz, Polychain
138	Discord	Discord	150	美国	旧金山	即时通讯	Jason Citron	2012	Benchmark, 9+ Program, Greylock Partners, Index Ventures, Tencent Holdings, Greenoaks Capital, Index Ventures, Accel
138	FlixBus	FlixBus	150	德国	慕尼黑	电子商务	André Schwämmlein, Daniel Krauss, Jochen Engert	2011	Permira, TCV, Silver Lake Partners
138	Freshworks	Freshworks	150	美国	圣布鲁诺	云计算	Girish Mathrubootham, Shan Krishnasamy	2010	Tiger Global Management, Sequoia Capital India, Accel
138	Gett	Gett	150	美国	纽约	物流	Dave Waiser, Roi More	2010	Kreos Capital, Vostok New Ventures, MCI Capital SA, Volkswagen Group, Sberbank, Dave Waiser, Access Industries
138	Graphcore	Graphcore	150	英国	布里斯托尔	人工智能	Nigel Toon, Simon Knowles	2016	Amadeus Capital Partners, Atomico, Sequoia Capital, BMW i Ventures, Robert Bosch Venture Capital , Microsoft, Samsung Strategy and Innovation Center
138	Gusto	Gusto	150	美国	旧金山	金融科技	Edward Kim, Joshua Reeves, Tomer London	2011	General Catalyst, Kleiner Perkins, Emergence , GV, Ribbit Capital, Akkadian Ventures, Dragoneer Investment Group, T. Rowe Price, Y Combinator
138	HashiCorp	HashiCorp	150	美国	旧金山	云计算	Armon Dadgar, Mitchell Hashimoto	2012	Mayfield Fund, GGV Capital, IVP (Institutional Venture Partners), Redpoint
138	HeartFlow	HeartFlow	150	美国	雷德伍德城	健康科技	Charles A. Taylor, Christopher K. Zarins	2009	Capricorn Investment Group, Panorama Point Partners
138	Impossible Foods	Impossible Foods	150	美国	雷德伍德城	新零售	Monte Casino, Patrick Brown	2011	UBS,Temasek Holdings, Sailing Capital, Horizons Ventures
138	Improbable	Improbable	150	英国	伦敦	游戏	Herman Narula, Peter Lipka, Rob Whitehead	2012	SoftBank Investment Advisers, NetEase, Amadeus Capital Partners, Andreessen Horowitz, Horizons Ventures
138	Infinidat	Infinidat	150	以色列	特拉维夫	云计算	Moshe Yanai	2011	TPG Growth, Goldman Sachs
138	InsideSales.com	InsideSales.com	150	美国	普若佛市	人工智能	David Elkington, Ken Krogue, Rob Christensen	2004	Polaris Partners, US Venture Partners, Sales Force Ventures
138	InVision	InVision	150	美国	纽约	云计算	Ben Nadel, Clark Valberg	2011	FirstMark, Tiger Global Management, Accel, ICONIQ Capital, Battery Ventures, Spark Capital
138	准时达	Jusda	150	中国	成都	物流	杨秋瑾	2010	中国人寿、IDG、中金资本
138	Kaseya	Kaseya	150	爱尔兰	都柏林	云计算	Gerald Blackie	2000	TPG, Ireland Strategic Investment Fund, Insight partners
138	金山云	Kingsoft Cloud	150	中国	北京	云计算	王育林	2011	IDG、金山软件、小米
138	Landa Digital Printing	Landa Digital Printing	150	以色列	雷霍沃特	软件与服务	Benny Landa	2002	Skion, GmBH, Altana
138	Lemonade	Lemonade	150	美国	纽约	金融科技	Daniel Schreiber, Shai Wininger	2015	Allianz, SoftBank, Aleph , Sequoia Capital Israel
138	Lime	Lime	150	美国	圣马特奥	共享经济	Adam Zhang, Brad Bao, Charlie Gao, Toby Sun	2017	Andreessen Horowitz, Coatue Management, Fifth Wall, Bain Capital Ventures, Rainbow Technologies
138	马蜂窝	Mafengwo	150	中国	北京	电子商务	陈罡	2006	今日资本、启明创投、高瓴资本
138	Marqeta	Marqeta	150	美国	奥克兰	金融科技	Jason Gardner	2010	83North, Commerce Ventures, IA Capital Group, Visa, ICONIQ Capital, Granite Ventures, Coatue Management
138	名创优品	Miniso	150	中国	广州	新零售	叶国富	2013	腾讯、高瓴资本
138	Monday.com	Monday.com	150	以色列	特拉维夫	云计算	Eran Zinman, Roy Mann	2012	Entrée Capital, Genesis Partners, Insight Partners, Stripes Group, Sapphire Ventures
138	Mozido	Mozido	150	美国	奥斯汀	金融科技	Michael A Liberty	2008	Tiger Mangement Corporation, Wellington Management
138	Mu Sigma	Mu Sigma	150	印度	班加罗尔	大数据	Dhiraj C Rajaram	2004	Sequoia Capital India, General Atlantic, MasterCard
138	NantOmics	NantOmics	150	美国	卡尔弗城	生命科学	Patrick Soon-Shiong	2012	NANT Health
138	Nextdoor	Nextdoor	150	美国	旧金山	即时通讯	Adam Ginsburg, David Wiesen, Madison Bell, Nirav Tolia, Prakash Janakiraman, Sarah Leary	2010	Benchmark, Shasta Ventures, Kleiner Perkins, Insight Partners, Tiger Global Management, Redpoint, Riverwood Capital
138	Njoy	Njoy	150	美国	斯科茨代尔	消费品	Craig Weiss	2006	Morgan Stanley, Brookside Capital
138	Northvolt	Northvolt	150	瑞典	斯德哥尔摩	新能源	Paolo Cerruti, Peter Carlsson	2016	Volkswagen Group, Goldman Sachs, Seimens
138	Oxford Nanopore Technologies	Oxford Nanopore Technologies	150	英国	牛津	生命科学	Gordon Sanghera, Hagan Bayley	2005	Amgen, IP Group Plc, Woodford Investment Management, Illumina, GT Healthcare Capital Partners
138	PAX	PAX	150	美国	旧金山	消费品	Adam Bowen, James Monsees	2017	Sand Hill Angels, Tao Capital Partners, Tiger Global Management
138	PingPong	PingPong	150	中国	杭州	金融科技	陈宇	2015	广发信德、清华控股、Fidelity
138	小马智行	Pony.ai	150	美国	菲蒙市	人工智能	彭军 、楼天城	2016	Legend Capital, ClearVue Partners , Kunlun, Morningside Venture Capital, Eight Roads Ventures
138	Postmates	Postmates	150	美国	旧金山	物流	Bastian Lehmann, Sam Street, Sean Plaice	2011	Founders Fund, Spark Capital, Harmony Partners, Tiger Global Management, BlackRock, Glynn Capital Management
138	Preferred Networks	Preferred Networks	150	日本	东京	人工智能	Daisuke Okanohara, Toru Nishikawa	2014	Toyota Motor Corporation
138	Quanergy Systems	Quanergy Systems	150	美国	森尼维耳市	软件与服务	Louay Eldada, Yu Tianyue	2012	Motus Ventures, Rising Tide
138	Quora	Quora	150	美国	山景城	媒体和娱乐	Adam D’Angelo, Charlie Cheever	2009	Benchmark, Adam D’Angelo , Tiger Global Management, Collaborative Fund , Peter Thiel, Y Combinator
138	雾芯科技	RELX	150	中国	深圳	消费品	汪莹	2018	IDG、源码资本、红杉资本
138	ReNew Power	ReNew Power	150	印度	古尔冈	新能源	Sumant Sinha	2011	Goldman Sachs, Abu Dhabi Investment Authority, Asian Development Bank, JERA, Yes Bank, Canada Pension Plan Investment Board, OPIC - Overseas Private Investment Corporation, Abu Dhabi Investment Authority
138	Revolut	Revolut	150	英国	伦敦	金融科技	Nikolay Storonsky, Vlad Yatsenko	2015	Mastercard Start Path, Balderton Capital, TriplePoint Capital, Index Ventures, DST Global
138	Segment	Segment	150	美国	旧金山	云计算	Calvin French-Owen, Ian Storm Taylor, Ilya Volodarsky, Peter Reinhardt	2011	Accel, Thrive Capital, GV, Meritech Capital Partners, Y Combinator
138	ServiceTitan	ServiceTitan	150	美国	格兰岱尔市	云计算	Ara Mahdessian, Vahe Kuzoyan	2013	Bessemer Venture Partners, ICONIQ Capital, Battery Ventures, Index Ventures
138	Sharecare	Sharecare	150	美国	亚特兰大	健康科技	Jeff Arnold, Mehmet Oz	2010	Wells Fargo Capital Finance, Wellington Management, Heritage Group, Galen Partners
138	Sprinklr	Sprinklr	150	美国	纽约	云计算	Ragy Thomas	2009	Battery Ventures, ICONIQ Capital, Temasek Holdings, Intel Capital
138	Squarespace	Squarespace	150	美国	纽约	云计算	Anthony Casalena	2003	Accel, General Atlantic, Index Ventures
138	STX Entertainment	STX Entertainment	150	美国	伯班克	媒体和娱乐	Robert Simonds, William McGlashan	2014	PCCW, Hony Capital, Tencent Holdings, TPG Growth
138	苏宁体育	Suning Sports	150	中国	南京	媒体和娱乐	张近东	2015	高盛
138	淘票票	Taobao Dianying	150	中国	杭州	电子商务	俞永福	2014	蚂蚁金服、鼎晖投资、新浪
138	Uptake	Uptake	150	美国	芝加哥	人工智能	Bradley Keywell	2014	Caterpillar Ventures, GreatPoint Ventures, Revolution, Baillie Gifford
138	Warby Parker	Warby Parker	150	美国	-	消费品	Andrew Hunt, David Gilboa, Jeffrey Raider, Neil Blumenthal	2010	Tiger Global Management, General Catalyst, T. Rowe Price
138	依图科技	YITU	150	中国	上海	人工智能	朱珑	2012	云锋基金、红杉资本、真格基金、高瓴资本
138	Zenefits	Zenefits	150	美国	旧金山	云计算	Laks Srini, Parker Conrad	2013	TPG, Fidelity, Andreessen Horowitz
138	知乎	Zhihu	150	中国	北京	媒体和娱乐	周源	2011	创新工场、今日资本、启明创投、腾讯
138	ZocDoc	ZocDoc	150	美国	纽约	健康科技	Cyrus Massoumi, Nick Ganju, Oliver Kharraz	2007	Atomico, Baillie Gifford, Khosla Ventures, Founders Fund
138	Zume	Zume	150	美国	山景城	物流	Alex Garden, Julia Collins	2015	SignalFire, AME Cloud Ventures, SoftBank Investment Advisers
224	爱驰汽车	Aiways	100	中国	上海	新能源汽车	谷峰	2017	腾讯、沙钢集团、明驰基金
224	曹操专车	Caocao	100	中国	杭州	共享经济	刘金良	2015	未透露
224	蛋壳公寓	Danke	100	中国	北京	房地产科技	沈博阳	2015	老虎基金、蚂蚁金服、优客工场
224	亿邦国际	Ebang	100	中国	杭州	区块链	胡东	2013	未透露
224	天际汽车	Enovate	100	中国	绍兴	新能源汽车	张海亮	2017	未透露
224	悦畅科技	ETCP	100	中国	北京	软件与服务	谭龙	2012	万达、经纬中国、海纳亚洲
224	高顿	Gaodun	100	中国	上海	教育科技	李锋	2006	前程无忧
224	英雄互娱	Hero Entertainment	100	中国	北京	游戏	应书岭	2015	华谊兄弟、红杉资本、真格基金
224	惠民网	Huimin	100	中国	北京	电子商务	张一春	2013	西部优势资本、中合担保
224	天下秀	IMS	100	中国	北京	大数据	李檬	2009	新浪、软银赛富、摩根士丹利
224	软通动力	iSoftstone	100	中国	北京	软件与服务	刘天文	2001	红杉资本、达晨创投 、华兴新经济基金、易方达基金
224	京东健康	JD Health	100	中国	北京	健康科技	辛利军	2019	CPEChina Fund、中金资本、霸菱亚洲
224	界面	Jiemian	100	中国	上海	媒体和娱乐	何力	2014	昆仑信托
224	孩子王	Kidswant	100	中国	南京	电子商务	汪建国	2009	华平投资、景林投资、高瓴资本
224	客路旅行	KLOOK	100	中国	香港	电子商务	王志豪	2014	红杉资本、经纬中国、高盛
224	驴妈妈	lvmama	100	中国	上海	电子商务	洪清华	2008	红杉资本、鼎晖投资
224	蜜芽	Mia	100	中国	北京	电子商务	刘楠	2011	百度、红杉资本、真格基金
224	魔方公寓	Mofang	100	中国	上海	房地产科技	葛岚	2010	中航信托、华平投资、德同资本
224	影谱科技	Moviebook	100	中国	北京	人工智能	姬晓晨	2009	商汤科技、软银中国、曜为资本
224	网易云音乐	NetEase Music	100	中国	杭州	媒体和娱乐	朱一闻	2013	SMG
224	纳恩博	Ninebot	100	中国	天津	机器人	高禄峰	2013	红杉资本、小米、顺为资本
224	盘石股份	Panshi	100	中国	杭州	大数据	田宁	2004	赛伯乐、韩亚金融集团、建信信托
224	全棉时代	PurCotton	100	中国	深圳	健康科技	李建全	2009	红杉资本
224	日日顺	RRS	100	中国	青岛	物流	解居志	2000	阿里巴巴、高盛、中投
224	SheIn	SheIn	100	中国	深圳	电子商务	许仰天	2008	JAFC、IDG、景林资本、红杉资本
224	蜀海	Shuhai	100	中国	北京	物流	张勇	2011	红杉资本、君联资本、高瓴资本
224	开沃汽车	Skywell	100	中国	南京	新能源汽车	黄宏生	2017	恒泰华盛、百石基金
224	秦淮数据	Chindata	100	中国	张家口	大数据	居静	2015	贝恩资本
224	同盾科技	Tongdun	100	中国	杭州	云计算	蒋韬	2012	IDG、华创资本、启明创投、纪源资本
224	土巴兔	Tubatu	100	中国	深圳	软件与服务	王国彬	2008	红杉资本、经纬中国、58同城
224	途虎养车	Tuhu	100	中国	上海	电子商务	陈敏	2014	高瓴资本、启明创投、君联资本、红杉资本
224	途家网	Tujia	100	中国	北京	共享经济	罗军	2011	携程、纪源资本、启明创投、鼎晖投资
224	涂鸦智能	TuyaSmart	100	中国	杭州	人工智能	王学集	2014	宽带资本、中金公司
224	微店	Weidian	100	中国	北京	电子商务	王珂	2011	腾讯、华平投资、经纬中国
224	微鲸	Whaley	100	中国	上海	消费品	黎瑞刚	2015	腾讯、华人文化产业基金
224	药明明码	WuXi NextCODE	100	中国	上海	生命科学	李革	2015	淡马锡、红杉资本、云锋基金、
224	小猪短租	xiaozhu	100	中国	北京	房地产科技	陈驰	2012	愉悦资本、贝塔斯曼、君联资本、晨兴资本
224	新潮传媒	Xinchao	100	中国	成都	媒体和娱乐	张继学	2013	百度、闻名投资
224	猪八戒网	Zbj	100	中国	重庆	软件与服务	朱明跃	2005	赛伯乐、IDG
224	找钢网	Zhaogang	100	中国	上海	电子商务	王东	2012	IDG、经纬中国、红杉资本、真格基金
264	百融金服	100credit	70	中国	北京	金融科技	张韶峰	2014	中国国新、中金前海、红杉资本、IDG、高瓴资本
264	10X Genomics	10X Genomics	70	美国	普莱森顿	生命科学	Ben Hindson, Serge Saxonov	2012	Foresite Capital, Fidelity Management and Research Company, Meritech Capital Partners, Silicon Valley Bank
264	一起作业	17zuoye	70	中国	上海	教育科技	刘畅	2007	真格基金、顺为资本、老虎基金
264	1919酒类直供	1919 Wines & Spirits	70	中国	成都	新零售	杨陵江	2006	阿里巴巴、天弘基金、中信证券
264	第四范式	4paradigm	70	中国	北京	人工智能	戴文渊	2015	红杉资本、国新、启迪、创新工场
264	玖富	9fgroup	70	中国	北京	金融科技	孙雷	2006	晨兴资本、DCM、SIG
264	About You	About You	70	德国	汉堡	电子商务	Sebastian Betz, Tarek Muller	2014	SevenVentures, Bestseller
264	Actifio	Actifio	70	美国	沃尔瑟姆	云计算	Ash Ashutosh, David Chang	2009	Greylock Partners , North Bridge Venture Partners & Growth Equity, Advanced Technology Ventures, Andreessen Horowitz, TCV. Crestline, Tiger Global Management
264	Age of Learning	Age of Learning	70	美国	格兰岱尔市	教育科技	Doug Dohring	2007	ICONIQ Capital
264	Airtable	Airtable	70	美国	旧金山	云计算	Andrew Ofstad, Emmett Nicholas, Howie Liu	2012	CRV, Caffeinated Capital, Benchmark , Coatue Management, Thrive Capital
264	空中云汇	Airwallex	70	中国	香港	金融科技	Jack Zhang	2016	腾讯、红杉资本、DST、高瓴资本
264	岩心科技	Akulaku	70	中国	深圳	金融科技	李文博	2015	启明创投、蚂蚁金服
264	阿里体育	Alisports	70	中国	上海	媒体和娱乐	张勇	2015	云峰基金、太平资产
264	Allbirds	Allbirds	70	美国	旧金山	新零售	Joseph Zwillinger, Tim Brown	2015	Lerer Hippeau, Maveron, Tiger Global Management, T. Rowe Price
264	Alphaeon Corporation	Alphaeon Corporation	70	美国	尔湾	健康科技	Robert Edward Grant	2013	Sailing Capital, Longitude Capital
264	安能物流	Ane	70	中国	上海	物流	王拥军	2010	红杉资本、凯雷投资、高盛、华平投资
264	安翰医疗	Ankon	70	中国	上海	健康科技	吉朋松	2008	软银中国、大中投资
264	AppDirect	AppDirect	70	美国	旧金山	电子商务	Daniel Saks, Nicolas Desmarais	2009	Inovia Capital, Mithril Capital Management, JP Morgan Chase
264	Auth0	Auth0	70	阿根廷	布宜诺斯艾利斯	云计算	Eugenio Pace, Matias Woloski	2013	Bessemer Venture Partners, Trinity Ventures, Meritech Capital Partners, Sapphire Ventures
264	Automattic	Automattic	70	美国	旧金山	云计算	Matt Mullenweg	2005	Inside Partners, Tiger Global Management, Polaris Partners
264	AvidXchange	AvidXchange	70	美国	夏洛特市	金融科技	Michael Praeger	2000	Bain Capital Ventures, Fifth Third Capital, Caisse, Charlotte Angel Partners, CT Communications, Mastercard
264	Away	Away	70	美国	纽约	新零售	Jen Rubio, Steph Korey	2015	Global Founders Capital, Wellington Management, Accel, Forerunner Ventures
264	斑马网络	Banma	70	中国	上海	人工智能	郝飞	2015	国投创新、云锋基金、尚颀资本
264	贝贝网	Beibei	70	中国	杭州	电子商务	张良伦	2014	IDG、北极光创投、今日资本
264	BigBasket	BigBasket	70	印度	班加罗尔	新零售	Abhinay Choudhari, Hari Menon, Vipul Parekh, VS Sudhakar	2011	Mirae Asset-Naver Asia Growth Fund, Alibaba Group, Helion Venture Partners, Abraaj Group, Bessemer Venture Partners, LionRock Capital, Brand Capital, Ascent Capital
264	Bill.com	Bill.com	70	美国	帕洛阿尔托	金融科技	René Lacerte	2006	Franklin Templeton Investments, DCM Ventures, Emergence, Financial Partners Fund, Scale Venture Partners, Bank of America, Silicon Valley Bank, JP Morgan, Temasek Holdings
264	BitFury	BitFury	70	美国	旧金山	区块链	Valery Nebesny, Valery Vavilov	2011	Bill Tai, EY Startup Challenge, Credit China FinTech Holdings, Korelya Capital
264	Bolt	Bolt	70	爱沙尼亚	塔林	共享经济	Markus Villig, Martin Villig, Oliver Leisalu	2013	Didi Chuxing, Daimler
264	波奇网	Boqii	70	中国	上海	电子商务	唐颖之	2012	高盛、集富亚洲、点亮资本
264	博郡汽车	Bordrin	70	中国	南京	新能源汽车	黄希鸣	2017	盛世投资、中科产业基金
264	Branch	Branch	70	美国	雷德伍德城	软件与服务	Alex Austin, Dmitri Gaskin, Mada Seghete, Mike Molinet	2014	New Enterprise Associates, TripplePoint Capital, Zach Coelius
264	Bukalapak	Bukalapak	70	印度尼西亚	雅加达	电子商务	Achmad Zaky, Nugroho Herucahyono	2011	Mirae Asset-Naver Asia Growth Fund, Emtek Group
264	Butterfly Network	Butterfly Network	70	美国	Guilford	健康科技	Jonathan M. Rothberg, Nevada Sanchez, Tyler S. Ralston	2011	Fidelity
264	C3	C3	70	美国	雷德伍德城	人工智能	Patricia House, Thomas Siebel	2009	TPG Growth, Breyer Capital
264	Cabify	Cabify	70	西班牙	马德里	共享经济	Adrian Merino, Francisco Montero, Juan De Antonio, Sam Lown, Vicente Pascual	2011	Kevin Laws, Seaya Ventures, Rakuten Capital, Inter American Development Bank
264	Calm.com	Calm.com	70	美国	旧金山	健康科技	Alex Tew, Michael Acton Smith	2012	TPG Growth, Insight Partners
264	康众汽配	Carzone	70	中国	南京	新零售	商宝国	2018	基石资本、华平投资、阿里巴巴
264	Casper	Casper	70	美国	纽约	新零售	Constantin Eis, Gabriel Flateman, Jeff Chapin, Neil Parikh, Philip Krim, T. Luke Sherwin	2013	Lerer Hippeau, New Enterprise Associates, IVP (Institutional Venture Partners), Target
264	Celonis	Celonis	70	美国	罗利	大数据	Alexander Rinke, Bastian Nominacher, Martin Klenk	2011	83North, Accel
264	ChargePoint	ChargePoint	70	美国	坎贝尔	新能源	Dave Baxter, Harjinder S. Bhade, Milton T. Tormey, Praveen Mandal, Richard Lowenthal	2007	Quantum Energy Partners, Seimens, Daimler, Linse Capital
264	车猫二手车	Chemao	70	中国	杭州	电子商务	黄巍	2012	浙富控股、元璟资本
264	车置宝	Chezhibao	70	中国	南京	电子商务	黄乐	2010	九鼎资本、毅达资本
264	春雨医生	Chunyuyisheng	70	中国	北京	健康科技	李光辉	2011	蓝驰创投、贝塔斯曼、中金公司
264	CloudFlare	CloudFlare	70	美国	旧金山	网络安全	Lee Holloway, Matthew Prince, Michelle Zatlyn	2009	Franklin Templeton Investments, Summer@Highland, Pelion Venture Partners , New Enterprise Associates, Union Square Ventures, Venrock, Fidelity
264	Clover Health	Clover Health	70	美国	旧金山	人工智能	Kris Gale, Vivek Garipalli	2013	First Round Capital, Sequoia Capital, Greenoaks Capital
264	Cohesity	Cohesity	70	美国	圣何塞	云计算	Mohit Aron	2013	SoftBank Investment Advisers, Sequoia Capital , Artis Ventures (AV), GV, Wing Venture Capital, Qualcomm Ventures
264	Collibra	Collibra	70	美国	纽约	大数据	Felix Van De Maele, Pieter De Leenheer, Stijn Christiaens	2008	Newion Investments, Index Ventures, ICONIQ Capital, Battery Ventures, Capital G
264	Como	Como	70	以色列	耐斯兹敖那	云计算	Dror Erez, Gaby Bilczyk, Ronen Shilo	2010	JP Morgan partners, Benchmark
264	Convoy	Convoy	70	美国	西雅图	物流	Dan Lewis, Grant Goodale	2015	Greylock Partners, Y Combinator, CapitalG
264	Coursera	Coursera	70	美国	山景城	教育科技	Andrew Ng, Daphne Koller	2012	GSV Asset Management, SEEK Group, Kleiner Perkins , New Enterprise Associates, THE WORLD BANK GROUP, New Enterprise Associates, EDBI
264	哒哒英语	DaDa	70	中国	上海	教育科技	郅慧	2013	老虎基金、华平资本、好未来
264	58到家	Daojia	70	中国	北京	软件与服务	姚劲波	2014	阿里巴巴、KKR、平安创投
264	DataRobot	DataRobot	70	美国	波士顿	人工智能	Jeremy Achin, Thomas DeGodoy	2012	New Enterprise Associates, Meritech Capital Partners,Sapphire Ventures
264	Dataxu	Dataxu	70	美国	波士顿	软件与服务	Bruce Journey, Mike Baker, Sandro Catanzaro, Willard Simmons	2009	Sky, Thomveste Ventures, Atlas Venture, Flybridge Capital Partners
264	Deezer	Deezer	70	法国	巴黎	媒体和娱乐	Daniel Marhely, Jonathan Benassaya	2006	Access Industries, Idinvest Partners, Kingdom Holding Company,Orange
264	点融网	Dianrong	70	中国	上海	金融科技	苏海德	2012	老虎环球基金、北极光创投、GIC
264	Docker	Docker	70	美国	旧金山	云计算	Solomon Hykes	2010	Greylock Partners, Sequoia Capital, Insight Partners
264	Doctolib	Doctolib	70	法国	巴黎	健康科技	Franck Tetzlaff, Ivan Schneider, Jessy Bernal, Stanislas Niox-Chateau, Steve Abou Rjeily, Thomas Landais	2013	Kerala Ventures, Accel, Bpifrance, Eurazeo, General Atlantic, AGORANOV
264	DotC United	DotC United	70	中国	上海	大数据	石一	2015	高榕资本、光速中国、晨兴资本
264	DraftKings	DraftKings	70	美国	波士顿	游戏	Jason Robins, Matt Kalish, Paul Liberman	2012	21st Century Fox, Revolution, Eldridge Industries, The Raine Group, Redpoint
264	Dream11	Dream11	70	印度	孟买	游戏	Harsh Jain	2012	Tencent Holdings, Steadview Capital
264	Druva	Druva	70	美国	森尼维耳市	云计算	Jaspreet Singh, Milind Borate, Ramani Kothandaraman	2008	Viking Global Investors, Riverwood Capital, Sequoia Capital India, Nexus Venture Partners, Indian Angel Network
264	数梦工场	Dtdream	70	中国	杭州	云计算	吴敬传	2015	阿里巴巴、银杏谷资本
264	丁香园	Dxy	70	中国	杭州	健康科技	李天天	2000	顺为资本、DCM、腾讯
264	易生金服	Easy Life	70	中国	北京	金融科技	刘江涛	2011	海航旅游、H-capital
264	远景能源	Envision	70	中国	上海	新能源	张雷	2008	红杉资本
264	Evernote	Evernote	70	美国	雷德伍德城	云计算	Phil Libin, Stepan Pachikov	2000	M8 Capital, Sequoia Capital, DoCoMo Capital, Meritech Capital partners
264	ezCater	ezCater	70	美国	波士顿	电子商务	Briscoe Rodgers, Stefania Mallett	2007	Insight Partners, ICONIQ Capital, Wellington Management, Lightspeed Venture Partners, GIC
264	Fair	Fair	70	美国	圣塔莫尼卡	电子商务	Boone Park, Craig Nehamen, Georg Bauer, Jennifer Parke, Matt Cacciola, Scott Painter	2016	Sherpa Capital, Softbank Investment Advisors, Javelin Venture partners, Silicon Valley Bank, Next47
264	房多多	FangDD	70	中国	深圳	房地产科技	段毅	2011	嘉御基金、光速中国、鼎晖投资
264	返利网	Fanli	70	中国	上海	电子商务	葛永昌	2007	海纳亚洲、启明创投、乐天
264	丰巢科技	Fcbox	70	中国	深圳	物流	徐育斌	2015	顺丰速运、鼎晖投资、国开金融
264	Formlabs	Formlabs	70	美国	萨默维尔市	3D印刷	David Cranor, Maxim Lobovsky, Natan Linder	2011	DFJ Growth, Foundry Group, Tyche Partners, New Enterprise Associates, SOSV
264	纷享销客	Fxiaoke	70	中国	北京	软件与服务	罗旭	2011	DCM、北极光创投、IDG、高瓴资本
264	G7	G7	70	中国	北京	人工智能	翟学魂	2011	厚朴投资、经纬中国、腾讯
264	集奥聚合	Geo	70	中国	北京	大数据	崔晶晶	2012	金沙江创投、新浪、亚信联创
264	GetYourGuide	GetYourGuide	70	德国	柏林	电子商务	Jochen Mattes, Johannes Reck, Martin Sieber, Pascal Mathis, Tao Tao, Tobias Rein	2009	PROfounders Capital, Highland Europe , Fritz Demopoulos, Spark Capital, Kohlberg Kravis Roberts, Battery Ventures, Swisscanto Invest, SoftBank Investment Advisers, Kees Koolen
264	Ginkgo BioWorks	Ginkgo BioWorks	70	美国	波士顿	生命科学	Austin Che, Barry Canton, Jason Kelly, Reshma Shetty, Tom Knight	2009	Viking Global Investors
264	GitLab	GitLab	70	美国	旧金山	云计算	Dmitriy Zaporozhets, Sytse Sijbrandij	2014	Goldman Sachs Principal Strategic Investments, Khosla Ventures, August Capital, GV, ICONIQ Capital
264	Global Fashion Group	Global Fashion Group	70	卢森堡	卢森堡	电子商务	-	2014	Lewis trust Group. Rocket Internet, Kinnevik AB
264	Glossier	Glossier	70	美国	纽约	消费品	Emily Weiss	2014	Thrive Capital, IVP (Institutional Venture Partners), Index Ventures, Sequoia Capital
264	Gympass	Gympass	70	巴西	圣保罗	健康科技	Cesar Carvalho, Joao Barbosa	2012	Softbank Investment Advisors, General Atlantic
264	好大夫在线	Haodf	70	中国	北京	健康科技	王航	2006	挚信资本、崇德投资、DCM中国
264	Health Catalyst	Health Catalyst	70	美国	盐湖城	大数据	Steven Barlow, Thomas Burton	2008	Norwest Venture Partners, Kaiser Permanente Ventures, Sorenson Capital, UPMC,OrbiMed
264	Hike	Hike	70	印度	新德里	即时通讯	Kavin Bharti Mittal	2012	Foxconn Technology Group, Tencent Holdings, Bharti SoftBank, Tiger Global Management
264	Hims	Hims	70	美国	旧金山	电子商务	Andrew Dudum, Jack Abraham	2017	Atomic, Thrive Capital, IVP (Institutional Venture Partners)
264	HMD	HMD	70	芬兰	赫尔辛基	消费品	Jean-Francois Baril	2016	Ginko Ventures
264	好享家	Hosjoy	70	中国	南京	软件与服务	汪建国	2009	德同资本、方正和生、富坤投资
264	合众汽车	Hozon	70	中国	桐乡	新能源汽车	张勇	2014	知合出行、鸿利智汇
264	华云数据	Huayun	70	中国	无锡	大数据	许广彬	2010	海纳亚洲、Intel Capital、海通开元
264	慧科教育	Huikedu Group	70	中国	北京	教育科技	方业昌	2010	泛海控股、复星锐正资本
264	沪江	Hujiang	70	中国	上海	教育科技	伏彩瑞	2001	汉能投资、软银、顺为资本、海纳亚洲
264	Human Longevity	Human Longevity	70	美国	圣地亚哥	生命科学	J. Venter, Peter Diamandis, Robert Hariri	2013	Illumina Ventures
264	碳云智能	Icarbonx	70	中国	广州	健康科技	王俊	2015	天府集团、鑫根资本
264	Icertis	Icertis	70	美国	-	云计算	Monish Darda, Samir Bodas	2009	Greycroft, Premji Invest
264	iFood	iFood	70	巴西	圣保罗	物流	Eduardo Baer, Felipe Ramos Fioravante, Gabriel Pinto, Guilherme Bonifacio, Patrick Sigrist	2011	Just Eat, Movile, Warehouse Investimentos, Naspers
264	艾佳生活	Ihomefnt	70	中国	南京	软件与服务	潘定国	2014	天图资本、达晨创投、正和岛基金
264	Illumio	Illumio	70	美国	森尼维耳市	网络安全	Andrew Rubin, PJ Kirner	2013	J.P. Morgan Asset Management, Andreessen Horowitz, General Catalyst, Accel, BlackRock
264	InMobi	InMobi	70	印度	班加罗尔	软件与服务	Abhay Singhal, Amit Gupta, Mohit Saxena, Naveen Tewari, Piyush Shah	2007	Softbank Capital, Kleiner Perkins, Sherpalo Ventures
264	Intercom	Intercom	70	美国	旧金山	即时通讯	Ciaran Lee, David Barrett, Des Traynor, Eoghan McCabe	2011	Social Capital, Bessemer Venture Partners, ICONIQ Capital, Index Ventures, Kleiner Perkins
264	谊品生鲜	Ipien	70	中国	重庆	电子商务	江建飞	2013	腾讯领投，今日资本
264	ironSource	ironSource	70	以色列	特拉维夫	生命科学	Arnon Harish, Eyal Milrad, Gil Shoham, Itay Milrad, Nethanel Shadmi, Omer Kaplan, Roi Milrad, Tamir Carmi, Tomer Bar Zeev, Tomer Bar Zeev	2010	Saban Capital Group, Access Industries
264	麦奇教育科技	iTutorGroup	70	中国	上海	教育科技	杨正大	2008	启明创投、GIC、高盛
264	Ivalua	Ivalua	70	美国	雷德伍德城	云计算	David Khuat-Duy	2000	Ardian, Kohlberg Kravis Roberts, Tiger Global Management
264	JFrog	JFrog	70	美国	森尼维耳市	云计算	Frederic Simon, Shlomi Ben Haim, Yoav Landman	2008	Insight Partners, Vmware
264	酒仙网	JiuXian	70	中国	北京	电子商务	郝鸿峰	2010	红杉资本、东方富海
264	执御信息	Jollycorp	70	中国	杭州	电子商务	李海燕	2012	红杉资本、君联资本、鼎晖投资
264	卷皮	Juanpi	70	中国	广州	电子商务	黄承松	2012	天图资本、招银国际、浙江金控
264	驹马物流	Juma	70	中国	成都	物流	白如冰	2011	普洛斯、新希望、远洋资本
264	九次方大数据	Jusfoun	70	中国	北京	大数据	王叁寿	2010	IDG资本、信中利资本、键桥通讯
264	Kabbage	Kabbage	70	美国	亚特兰大	金融科技	Kathryn Petralia, Marc Gorlin, Rob Frohwein	2009	BlueRun Ventures, Mohr Davidow Ventures, Thomvest Ventures, Guggenheim Securities, SoftBank Capital, Reverence Capital Partners, Credit Suisse
264	KeepTruckin	KeepTruckin	70	美国	旧金山	物流	Obaid Khan, Ryan Johns, Shoaib Makani	2013	Index Ventures, Scale Venture Partners, IVP (Institutional Venture Partners), Greenoaks Capital
264	Kendra Scott	Kendra Scott	70	美国	奥斯汀	新零售	Kendra Scott	2002	Berkshire Partners, Norwest Venture Partners
264	KnowBe4	KnowBe4	70	美国	克利尔沃特	网络安全	Stu Sjouwerman	2010	Kohlberg Kravis Roberts, Goldman Sachs, Elephant
264	作业盒子	Knowbox	70	中国	北京	教育科技	刘夜	2014	阿里巴巴、联想之星、好未来教育集团
264	氪空间	Kr Space	70	中国	北京	共享经济	刘成城	2016	IDG、歌斐资产
264	货拉拉	Lalamove	70	中国	香港	物流	周胜馥	2013	清流资本、襄禾资本、顺为资本
264	辣妈帮	Lamabang	70	中国	深圳	健康科技	金赞	2011	经纬中国、晨兴资本
264	零跑汽车	Leapmotor	70	中国	金华	新能源汽车	朱江明	2017	红杉资本、上海电气、兴业证券
264	letgo	letgo	70	美国	纽约	电子商务	Alec Oxenford, Enrique Linares Plaza, Jordi Castello	2015	Naspers
264	连连数字	Lianlian	70	中国	杭州	金融科技	章征宇	2009	红杉资本、光大实业、赛伯乐
264	Lightricks	Lightricks	70	以色列	耶路撒冷	云计算	Amit Goldstein, Itai Tsiddon, Nir Pochter, Yaron Inger, Zeev Farbman	2013	Viola Ventures, Insight Partners, Goldman Sachs Private Capital Investing, ClalTech
264	零氪科技	Linkdoc	70	中国	北京	大数据	张天泽	2014	中投公司
264	联易融	Linklogis	70	中国	深圳	金融科技	宋群	2016	腾讯、泛海投资、中信资本
264	柠萌影业	Linmon	70	中国	上海	媒体和娱乐	苏晓	2014	腾讯、弘毅投资
264	Liquid Global	Liquid Global	70	日本	东京	区块链	Mike Kayamori	2014	IDG Capital
264	Loggi	Loggi	70	巴西	圣保罗	物流	Arthur Debert, Eduardo Wexler, Fabien Mendez	2013	SoftBank Investment Advisers, SoftBank, DOMO Invest , Monashees , Dragoneer Investment Group, IFC Venture Capital Group , Iporanga Investments, Qualcomm Ventures, Microsoft
264	罗计物流	Loji	70	中国	北京	物流	宋睿	2014	IDG、真格基金
264	Lookout	Lookout	70	美国	旧金山	网络安全	James Burgess, John Hering, Kevin Mahaffey	2007	T. Rowe Price, Andreessen Horowitz, Deutsche Telekom, Intex Ventures, Khosla Ventures
264	罗辑思维	Luojilab	70	中国	北京	媒体和娱乐	罗振宇	2012	顺为资本、启明创投、真格基金、红杉资本、腾讯
264	脉脉	Maimai	70	中国	北京	软件与服务	林凡	2012	DST、IDG、晨兴资本、DCM
264	MarkLogic	MarkLogic	70	美国	圣卡洛斯	大数据	Christopher Lindblad, Frank R. Caufield, Paul Pedersen	2001	Sequoia Capita, Lehman Brothers, Tenaya Capital, Wellington Management, NTT Data
264	MediaMath	MediaMath	70	美国	纽约	电子商务	Erich Wasserman, Greg Williams, Joe Zawadzki, Srinath Gaddam	2007	Silicon Valley Bank, Goldman Sachs, Searchlight Capital Partners
264	Meero	Meero	70	法国	巴黎	人工智能	Thomas Rebaud	2016	Avenir Growth Capital, Eurazeo Prime Ventures
264	Mesosphere	Mesosphere	70	美国	旧金山	云计算	Benjamin Hindman, Florian Leibert, Tobi Knaup	2013	Koch Disruptive Technologies, T. Rowe Price, Hewlett Packard Enterprise, Khosla ventures, Andreessen Horowitz
264	妙手医生	Miaoshou	70	中国	北京	健康科技	何涛	2015	红杉资本、启明创投
264	Microvast	Microvast	70	美国	Stafford	新能源	Xiao Diaokun,LI Xiang, Wu Yang	2006	CITIC Securities
264	MindMaze	MindMaze	70	瑞士	洛桑市	虚拟与增强现实	Tej Tadi	2012	Hinduja Group, Leonardo DiCaprio, Venture Kick
264	明略科技	Mininglamp	70	中国	北京	人工智能	吴明辉	2014	红杉资本、分享投资
264	出门问问	Mobvoi	70	中国	上海	人工智能	李志飞	2012	真格基金、红杉资本、海纳亚洲
264	Momenta	Momenta	70	中国	北京	人工智能	曹旭东	2016	创新工场、腾讯、真格基金、顺为资本、纪源资本
264	MoneyLion	MoneyLion	70	美国	纽约	金融科技	Chee Mun Foong, Diwakar Choubey, Pratyush Tiwari	2013	Edison Partners,Greenspring Associates
264	Netskope	Netskope	70	美国	圣克拉拉	云计算	Sanjay Beri	2012	Social Capital, Lightspeed Venture Partners, Accel, ICONIQ Capital
264	Nikola Motor Company	Nikola Motor Company	70	美国	菲尼克斯	新能源汽车	-	2015	-
264	诺米	Nome	70	中国	广州	新零售	陈浩	2017	红杉资本、华兴资本、天图资本、今日资本
264	诺禾致源	Novogene	70	中国	北京	生命科学	李瑞强	2011	招银国际、国投创新
264	OfferUp	OfferUp	70	美国	贝尔维尤	电子商务	Arean van Veelen, Nick Huzar	2011	T. Rowe Price, Warburg Pincus, Jackson Square Ventures
264	Ola Electric	Ola Electric	70	印度	班加罗尔	共享经济	Anand Shah, Ankit Jain	2017	Matrix Partners India, Tata Sons Ltd, SoftBank, Tiger Global Management
264	Omio	Omio	70	德国	柏林	电子商务	Naren Shaam	2012	Goldman Sachs Investment Partners, Kleiner Perkins, Kinnevik AB, Silver Lake Kraftwerk, Temasek Holdings, Battery Ventures, Lakestar, New Enterprise Associates, Hasso Plattner Ventures
264	One Medical Group	One Medical Group	70	美国	旧金山	健康科技	Tom X. Lee, MD	2007	The Carlyle Group, Benchmark, GV, Redmile Group, J.P. Morgan Asset Management, Maverick Ventures, Oak Investment Partners
264	OneTrust	OneTrust	70	美国	亚特兰大	网络安全	Kabir Barday	2019	Insight Partners
264	奥比中光	Orbbec	70	中国	深圳	人工智能	黄源浩	2013	蚂蚁金服、赛富投资、松禾资本
264	OrCam Technologies	OrCam Technologies	70	以色列	耶路撒冷	人工智能	Amnon Shashua, Ziv Aviram	2010	Clal Insurance Enterprises Holdings , Meitav Investment House, Intel Capital
264	Outreach	Outreach	70	美国	西雅图	云计算	Andrew Kinzer, Gordon Hempton, Manny Medina, Wes Hather	2013	Mayfield Fund, Trinity Ventures, DFJ Growth, Spark Capital, Lone Pine Capital
264	OutSystems	OutSystems	70	美国	波士顿	云计算	Paulo Rosado, Rui Pereira	2001	Armilar Venture Partners, North Bridge Venture Partners & Growth Equity, Goldman Sachs, Kohlberg Kravis Roberts
264	Ovo Energy	Ovo Energy	70	英国	布里斯托尔	新能源	Stephen Fitzpatrick	2009	Mitsubishi Corp
264	ParkJockey	ParkJockey	70	美国	迈阿密	房地产科技	Ari Ojalvo, Umut Tekin	2013	Softbank Investment Advisors
264	Pat McGrath Labs	Pat McGrath Labs	70	美国	纽约	消费品	Pat McGrath	2015	ONE Luxury Group, Eurazeo
264	毒	Poizon	70	中国	上海	电子商务	杨冰	2015	DST、虎扑体育、普思资本
264	PolicyBazaar	PolicyBazaar	70	印度	古尔冈	金融科技	Alok Bansal, Yashish Dahiya	2008	SoftBank Investment Advisors, Wellington Management, Premji Invest, Tiger Global Management, Inventus Capital Partners
264	辉能科技	Prologium	70	中国	台北	新能源	楊思枏	2006	丹丰资本、软银中国资本
264	Proteus Digital Health	Proteus Digital Health	70	美国	雷德伍德城	健康科技	Andrew Thompson, George Savage, Mark Zdeblick	2001	Yuan Capital, Harbin Gloria Pharmaceuticals, Lycos Ventures
264	Quikr	Quikr	70	印度	班加罗尔	电子商务	Pranay Chulet, Jiby Thomas	2008	Trifecta Capital Advisors, Tiger Global Management, InnoVen Capital, Brand Capital, Kinnevik AB, Warburg Pincus, NGP Capital, Norwest Venture Partners, Omidyar Network
264	Raise	Raise	70	美国	芝加哥	金融科技	George Bousis	2013	Accel, New Enterprise Associates
264	Rappi	Rappi	70	哥伦比亚	波哥大	物流	Felipe Villamarin, Sebastian Mejia, Simon Borrero	2016	SoftBank, SoftBank Investment Advisers, Y Combinator, Andreessen Horowitz, Sequoia Capital, Delivery Hero, DST Global
264	人人车	Renrenche	70	中国	北京	电子商务	李健	2014	高盛、腾讯、滴滴、顺为资本
264	人人贷	Renrendai	70	中国	北京	金融科技	杨一夫	2010	挚信资本
264	Rent the Runway	Rent the Runway	70	美国	纽约	电子商务	Jennifer Fleiss, Jennifer Hyman	2009	Bain Capital Ventures, Highland Capital Partners, Kleiner Perkins, American Express Ventures, TCV, Fidelity Management and Research Company, Novel TMT Ventures, Blue Pool Capital, Temasek Holdings, Franklin Templeton Investments
264	Revolution Precrafted	Revolution Precrafted	70	菲律宾	马卡迪	房地产科技	Robbie Antonio	2015	500 Startups, K2 Global
264	Rivigo	Rivigo	70	印度	古尔冈	物流	Deepak Garg, Gazal Kalra	2014	SAIF Partners, Warburg Pincus
264	Rocket Lab	Rocket Lab	70	美国	杭廷顿海滩	航天	Peter Beck	2006	Bessemer Venture Partners, Data Collective DCVC, Future Fund
264	Root Insurance	Root Insurance	70	美国	哥伦布	金融科技	Alex Timm, Dan Manges	2015	Drive Capital, Ribbit Capital, Redpoint, Tiger Global Management
264	Rubicon Global	Rubicon Global	70	美国	亚特兰大	新能源	Lane B. Moore, Marc Spiegel, Nate Morris, Perry Moss	2008	QuarterMoore, Rotunda Capital Partners, Fifth Third Bancorp, Nima Capital, SUEZ Environnement, Promecap, NZ Super Fund
264	Seismic	Seismic	70	美国	圣地亚哥	人工智能	Rich Mahoney	2016	Jackson Square Ventures, JMI Equity, General Atlantic, Lightspeed Venture Partners , T. Rowe Price,
264	Shopclues	Shopclues	70	印度	古尔冈	电子商务	Radhika Aggarwal, Sandeep Aggarwal, Sanjay Sethi	2011	GIC, Tiger Global Management, Nexus Venture Partners, Helion Venture Partners
264	首汽约车	Shouqi	70	中国	北京	共享经济	魏东	2015	百度、蔚来资本
264	水滴	Shuidi	70	中国	北京	金融科技	沈鹏	2016	腾讯、创新工场、IDG、美团点评
264	Sila Nanotechnologies	Sila Nanotechnologies	70	美国	阿拉米达	新能源	Alex Jacobs, Gene Berdichevsky, Gleb Yushin	2011	Sutter Hill Ventures, Daimler
264	神州细胞工程	Sinocelltech	70	中国	北京	生命科学	谢良志	2007	启明创投
264	智米科技	Smartmi	70	中国	北京	消费品	苏峻	2014	顺为资本、GIC、纪源资本
264	Sonder	Sonder	70	美国	旧金山	房地产科技	Francis Davidson, Lucas Pellan, Olivier Gareau	2012	Tao Capital Partners, Valor Equity Partners
264	SoundHound	SoundHound	70	美国	圣克拉拉	人工智能	James Hom, Keyvan Mohajer, Majid Emami	2005	Nvidia GPU Ventures, Tencent Holdings, Walden Venture Capital
264	StockX	StockX	70	美国	底特律	电子商务	Dan Gilbert, Josh Luber	2015	DST Global, General Atlantic, GGV Capital, Battey Ventures
264	Sumo Logic	Sumo Logic	70	美国	雷德伍德城	云计算	Christian Beedgen	2010	Greylock Partners, Accel, Sequoia Capital, DFJ Growth, Sapphire Ventures, Battery Ventures
264	sweetgreen	sweetgreen	70	美国	卡尔弗城	新零售	Jonathan Neman, Nathaniel Ru, Nicolas Jammet	2007	Fidelity, Revolution, T. Rowe Price
264	Symphony Communication Services	Symphony Communication Services	70	美国	帕洛阿尔托	即时通讯	David Gurle	2014	Mitsubishi UFJ Financial Group, Standard Chartered Bank, BNP Paribas Private Equity
264	Taboola	Taboola	70	美国	纽约	软件与服务	Adam Singolda	2007	Fidelity Management and Research Company, Pitango Venture Capital, Marker, Evergreen Venture Partners
264	Talkdesk	Talkdesk	70	美国	旧金山	人工智能	Cristina Fonseca, Tiago Paiva	2011	Viking Global Investors, Storm Ventures, DFJ, Salesforce Ventures
264	腾云天下	TalkingData	70	中国	北京	大数据	崔晓波	2011	软银中国、麦顿投资、北极光创投
264	Tango	Tango	70	美国	山景城	即时通讯	Eric Setton, Uri Raz	2009	Alibaba Group, DFJ
264	TechStyle Fashion Group	TechStyle Fashion Group	70	美国	埃尔塞贡多	电子商务	Adam Goldenberg, Don Ressler	2010	Matrix Partners, Rho Capital Partners, Shining Capital
264	企鹅杏仁	Tencent Trusted Doctors	70	中国	北京	健康科技	王仕锐	2018	腾讯、碧桂园创投、红杉资本
264	The Honest Company	The Honest Company	70	美国	圣塔莫尼卡	消费品	Brian Lee, Christopher Gavigan, Jessica Alba, Sean Kane	2012	General Catalyst, Institutional Venture Partners, Wellington Management, L Catterton, Glade Brook Capital Partners
264	ThoughtSpot	ThoughtSpot	70	美国	森尼维耳市	人工智能	Abhishek Rai, Ajeet Singh, Amit Prakash, Priyendra Deshwal, Sanjay Agrawal, Shashank Gupta, Vijay Ganesan	2012	Lightspeed Venture Partners, Sapphire Ventures, Khosla Ventures, General Catalysts
264	Thumbtack	Thumbtack	70	美国	旧金山	电子商务	Jeremy Tunnell, Jonathan Swanson, Marco Zappacosta, Sander Daniels	2008	CapitalG, Baillie Gifford, Javelin Venture Partners, Sequoia Capital
264	TMON	TMON	70	韩国	首尔	电子商务	Christopher Cynn, Daniel Shin, Kihyun Kwon, Tommy Donghyun Kim	2010	Simone Investment Managers, NHM Invesment Corp, Kohlberg Kravis Roberts, Anchor Equity Partners
264	Toss	Toss	70	韩国	首尔	金融科技	Seunggun Lee	2011	Altos Ventures, Goodwater Capital, GIC, Kleiner Perkins, Sequoia Capital China, Ribbit Capital
264	Tradeshift	Tradeshift	70	美国	旧金山	云计算	Christian Lanng, Gert Sylvest, Mikkel Brun	2009	PayPal, Notion, Kite Ventures, Scentan Ventures, Data Collective DCVC, Wipro Ventures, Goldman Sachs Principal Strategic Investments , RTP Global, PSP Investments
264	Tresata	Tresata	70	美国	夏洛特市	大数据	Abhishek Virendra Mehta, Richard Morris	2011	GCP Capital Partners
264	Turo	Turo	70	美国	旧金山	共享经济	Shelby Clark	2009	Kleiner Perkins, SK Holdings, August Capital, IAC
264	图森未来	TuSimple	70	美国	圣地亚哥	人工智能	郝佳男、陈默、侯晓迪	2015	Sina, Composite Capital Management
264	优刻得	UCloud	70	中国	上海	云计算	季昕华	2012	DCM、贝塔斯曼、君联资本
264	Udaan	Udaan	70	印度	班加罗尔	电子商务	Amod Malviya, Sujeet kumar, Vaibhav Gupta	2016	Lightspeed Venture Partners, DST Global
264	Udacity	Udacity	70	美国	山景城	教育科技	David Stavens, Mike Sokolsky, Sebastian Thrun	2011	Bertelsmann, Andreessen Horowitz, CRV
264	云知声	Unisound	70	中国	北京	云计算	梁家恩	2012	启明创投、高通
264	V领地	V Linker	70	中国	上海	房地产科技	周君强	2011	华平投资
264	View	View	70	美国	苗必达	新能源	Paul Nguyen	2007	Softbank Investment Advisors, Blackrock, TIAA, Madrone Capital Partners, NanoDimension
264	Vlocity	Vlocity	70	美国	旧金山	云计算	Craig Ramsey, David Schmaier, James Ramsey, Mark Armenante, Young Sohn	2014	Salesforce Ventures, Sutter Hill Ventures
264	Vox Media	Vox Media	70	美国	华盛顿	媒体和娱乐	Jerome Armstrong, Joshua Topolsky, Markos Moulitsas, Tyler Bleszinski	2003	NBC Universal, General Atlantic, Accel, Khosla Ventures
264	VTS	VTS	70	美国	纽约	房地产科技	Brandon Weber, Donald DeSantis, Karl Baum, Niall Smart, Nicholas Romito, Ryan Masiello	2012	Bessemer Venture Partners, Thrive Capital, OpenView Venture Partners, Insight Partners, Brookfield Asset Management
264	挖财	Wacai	70	中国	杭州	金融科技	李治国	2009	新天域资本、光信资本、IDG、启明创投
264	WalkMe	WalkMe	70	美国	旧金山	云计算	Dan Adika, Eyal Cohen, Rephael Sweary	2011	Gemini Israel Ventures, Scale Venture Partners, Greenspring Associates, Insight Partners, EDBI
264	WeLab	WeLab	70	中国	香港	金融科技	龙沛智	2013	TOM集团、Khazanah、IFC、红杉资本
264	万能钥匙	WiFi Master key	70	中国	上海	软件与服务	陈大年	2013	海通开元、北极光创投
264	我买网	Womai	70	中国	北京	电子商务	张东风	2009	IDG、赛富基金、百度
264	汇桔网	WTOIP	70	中国	广州	软件与服务	谢旭辉	2013	粤民投、厚朴投资、胡润百富
264	Yanolja	Yanolja	70	韩国	首尔	电子商务	Lee Sujin	2005	Partners Investment, Sky Lake Investment, Booking Holdings, GIC
264	要出发	Yaochufa	70	中国	广州	电子商务	丁根芳	2011	众信旅游、红杉资本、创新工场
264	越海全球	YH Global	70	中国	深圳	物流	张泉	2012	涌铧投资、汇能金融、磐石资本
264	一点资讯	Yidianzixun	70	中国	北京	媒体和娱乐	李亚	2012	凤凰、小米、IDG
264	易久批	Yijiupi	70	中国	北京	电子商务	王朝成	2014	美团点评、腾讯、贝塔斯曼
264	壹米滴答	Yimidida	70	中国	上海	物流	杨兴运	2015	博裕资本、厚朴投资、普洛斯、源码资本、鼎晖投资
264	洋码头	yMatou	70	中国	上海	电子商务	曾碧波	2009	远镜创投、赛富基金
264	有利网	Yooli	70	中国	北京	金融科技	吴逸然	2012	高瓴资本、晨兴资本、软银中国
264	网易有道	Youdao	70	中国	北京	软件与服务	周枫	2007	君联资本、慕华投资
264	云鸟科技	Yunniao	70	中国	北京	物流	韩毅	2014	华平投资、红杉资本、经纬中国
264	Zeta Global	Zeta Global	70	美国	纽约	人工智能	David A. Steinberg, John Sculley	2007	GPI Capital, GSO Capital Partners
264	掌门1对1	Zhangmen	70	中国	上海	教育科技	张翼	2014	顺为资本、达晨创投、华平投资
264	转转	Zhuanzhuan	70	中国	北京	电子商务	姚劲波	2015	腾讯
264	Zipline International	Zipline International	70	美国	半月湾	物流	Keenan Wyrobek, Keller Rinaudo, Will Hetzler	2014	Sequoia Capital, Visionnaire Ventures, Katalyst.Ventures
264	ZipRecruiter	ZipRecruiter	70	美国	洛杉矶	电子商务	Ian Siegel, Joe Edmonds, Ward Poulos, Willis Redd	2010	IVP (Institutional Venture Partners)
